Estados,Año,Casos,PobTot2020,Tasa_por_100k,iso_code
Aguascalientes,2000,67543,1425607,4737.841494886038,MX-AGU
Baja California,2000,122240,3769020,3243.2833999288937,MX-BCN
Baja California Sur,2000,29843,798447,3737.6306755489095,MX-BCS
Campeche,2000,41807,928363,4503.303126040138,MX-CAM
Coahuila,2000,179643,3146771,5708.804358499554,MX-COA
Colima,2000,42920,731391,5868.270186534973,MX-COL
Chiapas,2000,82796,5543828,1493.4806779719718,MX-CHP
Chihuahua,2000,199771,3741869,5338.802614415416,MX-CHH
CDMX,2000,720886,9209944,7827.257147274729,
Durango,2000,98464,1832650,5372.766212861157,MX-DUR
Guanajuato,2000,228811,6166934,3710.2878026585013,MX-GUA
Guerrero,2000,79404,3540685,2242.616894753416,MX-GRO
Hidalgo,2000,57664,3082841,1870.4824543335192,MX-HID
Jalisco,2000,363714,8348151,4356.82104935572,MX-JAL
Estado de méxico,2000,592700,16992418,3488.0262479418766,
Michoacán,2000,131023,4748846,2759.0492511233256,MX-MIC
Morelos,2000,90151,1971520,4572.664745982795,MX-MOR
Nayarit,2000,44770,1235456,3623.7632096974717,MX-NAY
Nuevo León,2000,414512,5784442,7165.980746284603,MX-NLE
Oaxaca,2000,70951,4132148,1717.048856914128,MX-OAX
Puebla,2000,194299,6583278,2951.402021910665,MX-PUE
Querétaro,2000,64929,2368467,2741.393483633084,MX-QUE
Quintana Roo,2000,52489,1857985,2825.0497178394876,MX-ROO
San Luis Potosí,2000,60937,2822255,2159.1599625122462,MX-SLP
Sinaloa,2000,219987,3026943,7267.629420177386,MX-SIN
Sonora,2000,136037,2944840,4619.503945885005,MX-SON
Tabasco,2000,50235,2402598,2090.8616422722403,MX-TAB
Tamaulipas,2000,221992,3527735,6292.7629201172995,MX-TAM
Tlaxcala,2000,41538,1342977,3092.979254298473,MX-TLA
Veracruz,2000,321658,8062579,3989.517498061104,MX-VER
Yucatán,2000,115214,2320898,4964.199202205354,MX-YUC
Zacatecas,2000,46175,1622138,2846.5518963244804,MX-ZAC
Aguascalientes,2001,76375,1425607,5357.367072411962,MX-AGU
Baja California,2001,123325,3769020,3272.0707239547683,MX-BCN
Baja California Sur,2001,34749,798447,4352.073462609291,MX-BCS
Campeche,2001,41366,928363,4455.800155758038,MX-CAM
Coahuila,2001,224937,3146771,7148.184599387754,MX-COA
Colima,2001,46691,731391,6383.863077341669,MX-COL
Chiapas,2001,75049,5543828,1353.7396903367132,MX-CHP
Chihuahua,2001,208851,3741869,5581.462098218831,MX-CHH
CDMX,2001,734924,9209944,7979.679355270781,
Durango,2001,105907,1832650,5778.899407961149,MX-DUR
Guanajuato,2001,253986,6166934,4118.513348772664,MX-GUA
Guerrero,2001,85526,3540685,2415.5212903717784,MX-GRO
Hidalgo,2001,60291,3082841,1955.6960608737202,MX-HID
Jalisco,2001,353475,8348151,4234.1711356203305,MX-JAL
Estado de méxico,2001,635334,16992418,3738.926384696987,
Michoacán,2001,130482,4748846,2747.657009724047,MX-MIC
Morelos,2001,76926,1971520,3901.8625223178055,MX-MOR
Nayarit,2001,59761,1235456,4837.161339618732,MX-NAY
Nuevo León,2001,398720,5784442,6892.972563299969,MX-NLE
Oaxaca,2001,77993,4132148,1887.4686966681736,MX-OAX
Puebla,2001,175935,6583278,2672.452841882114,MX-PUE
Querétaro,2001,63005,2368467,2660.1595040167335,MX-QUE
Quintana Roo,2001,33942,1857985,1826.8177622531937,MX-ROO
San Luis Potosí,2001,65122,2822255,2307.445641871482,MX-SLP
Sinaloa,2001,193680,3026943,6398.53475932649,MX-SIN
Sonora,2001,113616,2944840,3858.1383029298704,MX-SON
Tabasco,2001,54479,2402598,2267.5037605125785,MX-TAB
Tamaulipas,2001,226094,3527735,6409.041495463804,MX-TAM
Tlaxcala,2001,45091,1342977,3357.540747160972,MX-TLA
Veracruz,2001,285734,8062579,3543.9528716555833,MX-VER
Yucatán,2001,119281,2320898,5139.433098740229,MX-YUC
Zacatecas,2001,49549,1622138,3054.548996447898,MX-ZAC
Aguascalientes,2002,77405,1425607,5429.616998233033,MX-AGU
Baja California,2002,113658,3769020,3015.584953117787,MX-BCN
Baja California Sur,2002,34263,798447,4291.205302293077,MX-BCS
Campeche,2002,46574,928363,5016.787614327585,MX-CAM
Coahuila,2002,219128,3146771,6963.582669345815,MX-COA
Colima,2002,39286,731391,5371.408726659201,MX-COL
Chiapas,2002,76566,5543828,1381.1034541475674,MX-CHP
Chihuahua,2002,251252,3741869,6714.612403587619,MX-CHH
CDMX,2002,770311,9209944,8363.905361422392,
Durango,2002,105794,1832650,5772.733473385534,MX-DUR
Guanajuato,2002,218135,6166934,3537.1709831822423,MX-GUA
Guerrero,2002,113091,3540685,3194.0429606135535,MX-GRO
Hidalgo,2002,54763,3082841,1776.3809421244885,MX-HID
Jalisco,2002,320156,8348151,3835.0528158870147,MX-JAL
Estado de méxico,2002,720450,16992418,4239.832141605744,
Michoacán,2002,124015,4748846,2611.4765566202823,MX-MIC
Morelos,2002,80464,1971520,4081.31796786236,MX-MOR
Nayarit,2002,37094,1235456,3002.454154579362,MX-NAY
Nuevo León,2002,405432,5784442,7009.007956169325,MX-NLE
Oaxaca,2002,73374,4132148,1775.686640459151,MX-OAX
Puebla,2002,138801,6583278,2108.387341382211,MX-PUE
Querétaro,2002,73942,2368467,3121.9349900167495,MX-QUE
Quintana Roo,2002,43530,1857985,2342.8606797148527,MX-ROO
San Luis Potosí,2002,117498,2822255,4163.266607730343,MX-SLP
Sinaloa,2002,171939,3026943,5680.285357206924,MX-SIN
Sonora,2002,139717,2944840,4744.468290297605,MX-SON
Tabasco,2002,61908,2402598,2576.7107106557155,MX-TAB
Tamaulipas,2002,237023,3527735,6718.843677317032,MX-TAM
Tlaxcala,2002,51927,1342977,3866.559144348712,MX-TLA
Veracruz,2002,261688,8062579,3245.710832724864,MX-VER
Yucatán,2002,129223,2320898,5567.801773279136,MX-YUC
Zacatecas,2002,52899,1622138,3261.0665677026245,MX-ZAC
Aguascalientes,2003,74338,1425607,5214.48056862796,MX-AGU
Baja California,2003,178379,3769020,4732.768730333084,MX-BCN
Baja California Sur,2003,38348,798447,4802.823481082652,MX-BCS
Campeche,2003,53694,928363,5783.728993938794,MX-CAM
Coahuila,2003,266316,3146771,8463.151592537239,MX-COA
Colima,2003,38906,731391,5319.452932836198,MX-COL
Chiapas,2003,75491,5543828,1361.712520662618,MX-CHP
Chihuahua,2003,244106,3741869,6523.638320849821,MX-CHH
CDMX,2003,817083,9209944,8871.74775438374,
Durango,2003,134825,1832650,7356.833001391427,MX-DUR
Guanajuato,2003,240753,6166934,3903.933461911543,MX-GUA
Guerrero,2003,102630,3540685,2898.591656699198,MX-GRO
Hidalgo,2003,143999,3082841,4670.983680313062,MX-HID
Jalisco,2003,386968,8348151,4635.373749229021,MX-JAL
Estado de méxico,2003,721251,16992418,4244.5460086963485,
Michoacán,2003,173994,4748846,3663.921719087122,MX-MIC
Morelos,2003,91569,1971520,4644.588946599578,MX-MOR
Nayarit,2003,38870,1235456,3146.2067447161207,MX-NAY
Nuevo León,2003,522584,5784442,9034.30270370072,MX-NLE
Oaxaca,2003,59226,4132148,1433.2981296894498,MX-OAX
Puebla,2003,150251,6583278,2282.312853870063,MX-PUE
Querétaro,2003,139095,2368467,5872.786067950282,MX-QUE
Quintana Roo,2003,68408,1857985,3681.8381203292815,MX-ROO
San Luis Potosí,2003,107291,2822255,3801.6054537949262,MX-SLP
Sinaloa,2003,187831,3026943,6205.303502576692,MX-SIN
Sonora,2003,188747,2944840,6409.414433381779,MX-SON
Tabasco,2003,65241,2402598,2715.435541026838,MX-TAB
Tamaulipas,2003,260945,3527735,7396.955837102278,MX-TAM
Tlaxcala,2003,45317,1342977,3374.3690323810456,MX-TLA
Veracruz,2003,374204,8062579,4641.244445480782,MX-VER
Yucatán,2003,156252,2320898,6732.394099180576,MX-YUC
Zacatecas,2003,47165,1622138,2907.582462157967,MX-ZAC
Aguascalientes,2004,74935,1425607,5256.3574673805615,MX-AGU
Baja California,2004,158505,3769020,4205.469856885875,MX-BCN
Baja California Sur,2004,89279,798447,11181.581244591063,MX-BCS
Campeche,2004,63447,928363,6834.287880925888,MX-CAM
Coahuila,2004,363994,3146771,11567.22240035897,MX-COA
Colima,2004,44102,731391,6029.880050479155,MX-COL
Chiapas,2004,58580,5543828,1056.6705893472886,MX-CHP
Chihuahua,2004,338580,3741869,9048.419386140991,MX-CHH
CDMX,2004,775887,9209944,8424.448617711465,
Durango,2004,118771,1832650,6480.833765312525,MX-DUR
Guanajuato,2004,238961,6166934,3874.8752621643102,MX-GUA
Guerrero,2004,118622,3540685,3350.255670865948,MX-GRO
Hidalgo,2004,75648,3082841,2453.840467283262,MX-HID
Jalisco,2004,488321,8348151,5849.450974233696,MX-JAL
Estado de méxico,2004,659438,16992418,3880.7778857605786,
Michoacán,2004,170582,4748846,3592.072684605902,MX-MIC
Morelos,2004,106465,1971520,5400.148109073202,MX-MOR
Nayarit,2004,29875,1235456,2418.135490053875,MX-NAY
Nuevo León,2004,539394,5784442,9324.909818440568,MX-NLE
Oaxaca,2004,76650,4132148,1854.9674406628224,MX-OAX
Puebla,2004,290450,6583278,4411.9358167769915,MX-PUE
Querétaro,2004,158768,2368467,6703.407731667783,MX-QUE
Quintana Roo,2004,111251,1857985,5987.7232593374,MX-ROO
San Luis Potosí,2004,145502,2822255,5155.522800030472,MX-SLP
Sinaloa,2004,302588,3026943,9996.488206087792,MX-SIN
Sonora,2004,130045,2944840,4416.029393787098,MX-SON
Tabasco,2004,41517,2402598,1728.004435198897,MX-TAB
Tamaulipas,2004,229312,3527735,6500.261499233928,MX-TAM
Tlaxcala,2004,44448,1342977,3309.6620418666885,MX-TLA
Veracruz,2004,551408,8062579,6839.101979651921,MX-VER
Yucatán,2004,151960,2320898,6547.46567923278,MX-YUC
Zacatecas,2004,43589,1622138,2687.1326607230703,MX-ZAC
Aguascalientes,2005,21357,1425607,1498.0987046219611,MX-AGU
Baja California,2005,42437,3769020,1125.9425527060084,MX-BCN
Baja California Sur,2005,13408,798447,1679.2598632094553,MX-BCS
Campeche,2005,13777,928363,1484.0100262505077,MX-CAM
Coahuila,2005,92649,3146771,2944.2561915055144,MX-COA
Colima,2005,13492,731391,1844.7041322630441,MX-COL
Chiapas,2005,14784,5543828,266.67494013162025,MX-CHP
Chihuahua,2005,93994,3741869,2511.9532511694024,MX-CHH
CDMX,2005,263506,9209944,2861.1031728314524,
Durango,2005,30547,1832650,1666.8212697459962,MX-DUR
Guanajuato,2005,65203,6166934,1057.3001105573694,MX-GUA
Guerrero,2005,48952,3540685,1382.5573300081765,MX-GRO
Hidalgo,2005,22981,3082841,745.4487597641266,MX-HID
Jalisco,2005,128065,8348151,1534.0522709759323,MX-JAL
Estado de méxico,2005,189306,16992418,1114.0615773458492,
Michoacán,2005,54767,4748846,1153.269657512583,MX-MIC
Morelos,2005,28522,1971520,1446.7010225612726,MX-MOR
Nayarit,2005,14270,1235456,1155.0391110650642,MX-NAY
Nuevo León,2005,134003,5784442,2316.610660112073,MX-NLE
Oaxaca,2005,17188,4132148,415.9579956961851,MX-OAX
Puebla,2005,58889,6583278,894.5239742268213,MX-PUE
Querétaro,2005,34419,2368467,1453.2184742282666,MX-QUE
Quintana Roo,2005,15432,1857985,830.5772113337837,MX-ROO
San Luis Potosí,2005,37809,2822255,1339.6734171788162,MX-SLP
Sinaloa,2005,78712,3026943,2600.3793266011285,MX-SIN
Sonora,2005,43419,2944840,1474.409475557246,MX-SON
Tabasco,2005,12858,2402598,535.170677741345,MX-TAB
Tamaulipas,2005,47432,3527735,1344.5454377950725,MX-TAM
Tlaxcala,2005,11198,1342977,833.8191942229838,MX-TLA
Veracruz,2005,146922,8062579,1822.2705166671856,MX-VER
Yucatán,2005,42288,2320898,1822.0533603803356,MX-YUC
Zacatecas,2005,18486,1622138,1139.6071111089193,MX-ZAC
Aguascalientes,2006,29483,1425607,2068.101517458879,MX-AGU
Baja California,2006,73488,3769020,1949.7906617635356,MX-BCN
Baja California Sur,2006,21050,798447,2636.36784908704,MX-BCS
Campeche,2006,24160,928363,2602.430299354886,MX-CAM
Coahuila,2006,119856,3146771,3808.8567614230587,MX-COA
Colima,2006,21803,731391,2981.0320334814073,MX-COL
Chiapas,2006,35600,5543828,642.1555647108821,MX-CHP
Chihuahua,2006,119561,3741869,3195.2214254427404,MX-CHH
CDMX,2006,321573,9209944,3491.5847479637227,
Durango,2006,41499,1832650,2264.4258314462663,MX-DUR
Guanajuato,2006,132370,6166934,2146.4474891412815,MX-GUA
Guerrero,2006,68286,3540685,1928.6098593916151,MX-GRO
Hidalgo,2006,38248,3082841,1240.673781099966,MX-HID
Jalisco,2006,211503,8348151,2533.5310777200843,MX-JAL
Estado de méxico,2006,290096,16992418,1707.2084738028454,
Michoacán,2006,81738,4748846,1721.2181654237681,MX-MIC
Morelos,2006,43161,1971520,2189.2245577016715,MX-MOR
Nayarit,2006,32907,1235456,2663.550947990054,MX-NAY
Nuevo León,2006,196877,5784442,3403.5607928992977,MX-NLE
Oaxaca,2006,27208,4132148,658.4468900920297,MX-OAX
Puebla,2006,77829,6583278,1182.2225948835824,MX-PUE
Querétaro,2006,46806,2368467,1976.214994762435,MX-QUE
Quintana Roo,2006,28354,1857985,1526.0618358059942,MX-ROO
San Luis Potosí,2006,44652,2822255,1582.139105077323,MX-SLP
Sinaloa,2006,107343,3026943,3546.251118702929,MX-SIN
Sonora,2006,76606,2944840,2601.363741323807,MX-SON
Tabasco,2006,23383,2402598,973.238136384031,MX-TAB
Tamaulipas,2006,83731,3527735,2373.5059464500596,MX-TAM
Tlaxcala,2006,16765,1342977,1248.3460252856155,MX-TLA
Veracruz,2006,194298,8062579,2409.874061389042,MX-VER
Yucatán,2006,67405,2320898,2904.2637806573143,MX-YUC
Zacatecas,2006,23782,1622138,1466.0898147999737,MX-ZAC
Aguascalientes,2007,78604,1425607,5513.721523533484,MX-AGU
Baja California,2007,206365,3769020,5475.295965529501,MX-BCN
Baja California Sur,2007,43319,798447,5425.407071477506,MX-BCS
Campeche,2007,29228,928363,3148.3374498983694,MX-CAM
Coahuila,2007,235882,3146771,7496.00145673136,MX-COA
Colima,2007,39648,731391,5420.903456564273,MX-COL
Chiapas,2007,111003,5543828,2002.2807345393833,MX-CHP
Chihuahua,2007,219450,3741869,5864.716268795086,MX-CHH
CDMX,2007,607050,9209944,6591.245288787859,
Durango,2007,103150,1832650,5628.461517474695,MX-DUR
Guanajuato,2007,242532,6166934,3932.7808599865025,MX-GUA
Guerrero,2007,121102,3540685,3420.298614533628,MX-GRO
Hidalgo,2007,76123,3082841,2469.2483329500287,MX-HID
Jalisco,2007,499633,8348151,5984.954033533893,MX-JAL
Estado de méxico,2007,652073,16992418,3837.435025433108,
Michoacán,2007,182762,4748846,3848.5560491959523,MX-MIC
Morelos,2007,83713,1971520,4246.114672942704,MX-MOR
Nayarit,2007,66401,1235456,5374.6147171570665,MX-NAY
Nuevo León,2007,296307,5784442,5122.481995670455,MX-NLE
Oaxaca,2007,57414,4132148,1389.4468445951113,MX-OAX
Puebla,2007,151475,6583278,2300.905415205009,MX-PUE
Querétaro,2007,114698,2368467,4842.710495860824,MX-QUE
Quintana Roo,2007,55508,1857985,2987.5375743076506,MX-ROO
San Luis Potosí,2007,135611,2822255,4805.058366448106,MX-SLP
Sinaloa,2007,159611,3026943,5273.009765958593,MX-SIN
Sonora,2007,178656,2944840,6066.747259613426,MX-SON
Tabasco,2007,33611,2402598,1398.943976478795,MX-TAB
Tamaulipas,2007,171559,3527735,4863.148734244494,MX-TAM
Tlaxcala,2007,45357,1342977,3377.347489942121,MX-TLA
Veracruz,2007,338506,8062579,4198.482892384682,MX-VER
Yucatán,2007,108336,2320898,4667.84839316506,MX-YUC
Zacatecas,2007,39863,1622138,2457.435803858858,MX-ZAC
Aguascalientes,2008,133158,1425607,9340.44235192448,MX-AGU
Baja California,2008,253983,3769020,6738.701306971043,MX-BCN
Baja California Sur,2008,65500,798447,8203.424898584377,MX-BCS
Campeche,2008,20968,928363,2258.5992763606478,MX-CAM
Coahuila,2008,284550,3146771,9042.602718786973,MX-COA
Colima,2008,50894,731391,6958.521502178726,MX-COL
Chiapas,2008,133367,5543828,2405.6843033369723,MX-CHP
Chihuahua,2008,255615,3741869,6831.211889031925,MX-CHH
CDMX,2008,920870,9209944,9998.649286032574,
Durango,2008,115408,1832650,6297.329004447112,MX-DUR
Guanajuato,2008,238322,6166934,3864.513549196408,MX-GUA
Guerrero,2008,126024,3540685,3559.311263216016,MX-GRO
Hidalgo,2008,81043,3082841,2628.8413836457994,MX-HID
Jalisco,2008,642554,8348151,7696.961878145233,MX-JAL
Estado de méxico,2008,728185,16992418,4285.352443660461,
Michoacán,2008,222616,4748846,4687.791518191999,MX-MIC
Morelos,2008,90289,1971520,4579.6644213601685,MX-MOR
Nayarit,2008,62861,1235456,5088.0808381682555,MX-NAY
Nuevo León,2008,466138,5784442,8058.478242153694,MX-NLE
Oaxaca,2008,67711,4132148,1638.6392742951123,MX-OAX
Puebla,2008,222817,6583278,3384.5904730135962,MX-PUE
Querétaro,2008,172443,2368467,7280.78541942953,MX-QUE
Quintana Roo,2008,48227,1857985,2595.6614289135814,MX-ROO
San Luis Potosí,2008,168779,2822255,5980.288811606322,MX-SLP
Sinaloa,2008,194429,3026943,6423.279196205544,MX-SIN
Sonora,2008,225624,2944840,7661.672620583801,MX-SON
Tabasco,2008,36710,2402598,1527.9293498121617,MX-TAB
Tamaulipas,2008,231250,3527735,6555.197598459068,MX-TAM
Tlaxcala,2008,51438,1342977,3830.1475006645687,MX-TLA
Veracruz,2008,416465,8062579,5165.4067513633045,MX-VER
Yucatán,2008,137939,2320898,5943.346066910308,MX-YUC
Zacatecas,2008,42603,1622138,2626.348683034366,MX-ZAC
Aguascalientes,2009,142229,1425607,9976.732718063253,MX-AGU
Baja California,2009,226223,3769020,6002.1703254426875,MX-BCN
Baja California Sur,2009,67682,798447,8476.705404366227,MX-BCS
Campeche,2009,21644,928363,2331.4156208293525,MX-CAM
Coahuila,2009,285000,3146771,9056.903092090273,MX-COA
Colima,2009,54534,731391,7456.203316693807,MX-COL
Chiapas,2009,145137,5543828,2617.9924774000924,MX-CHP
Chihuahua,2009,294810,3741869,7878.683085912415,MX-CHH
CDMX,2009,1116615,9209944,12124.01508630237,
Durango,2009,156244,1832650,8525.57771533026,MX-DUR
Guanajuato,2009,314975,6166934,5107.481286486932,MX-GUA
Guerrero,2009,139157,3540685,3930.228190307808,MX-GRO
Hidalgo,2009,80566,3082841,2613.368642755173,MX-HID
Jalisco,2009,544893,8348151,6527.11001513988,MX-JAL
Estado de méxico,2009,839515,16992418,4940.527004455752,
Michoacán,2009,203941,4748846,4294.538083568092,MX-MIC
Morelos,2009,120891,1971520,6131.867797435481,MX-MOR
Nayarit,2009,58486,1235456,4733.960578118525,MX-NAY
Nuevo León,2009,560261,5784442,9685.653343918048,MX-NLE
Oaxaca,2009,70601,4132148,1708.5786859521972,MX-OAX
Puebla,2009,268833,6583278,4083.573563200582,MX-PUE
Querétaro,2009,144821,2368467,6114.545822255493,MX-QUE
Quintana Roo,2009,59540,1857985,3204.546861250225,MX-ROO
San Luis Potosí,2009,144023,2822255,5103.117896859072,MX-SLP
Sinaloa,2009,238812,3026943,7889.544005288504,MX-SIN
Sonora,2009,257215,2944840,8734.430393501854,MX-SON
Tabasco,2009,36379,2402598,1514.152596480976,MX-TAB
Tamaulipas,2009,238917,3527735,6772.532517323439,MX-TAM
Tlaxcala,2009,51693,1342977,3849.135167616422,MX-TLA
Veracruz,2009,372637,8062579,4621.808977003512,MX-VER
Yucatán,2009,149361,2320898,6435.483162120869,MX-YUC
Zacatecas,2009,50362,1622138,3104.668036874791,MX-ZAC
Aguascalientes,2010,178663,1425607,12532.416016475789,MX-AGU
Baja California,2010,319744,3769020,8483.478463897776,MX-BCN
Baja California Sur,2010,94018,798447,11775.108429238258,MX-BCS
Campeche,2010,37900,928363,4082.454815627077,MX-CAM
Coahuila,2010,359312,3146771,11418.434960789966,MX-COA
Colima,2010,68680,731391,9390.326104641705,MX-COL
Chiapas,2010,138197,5543828,2492.8082184367913,MX-CHP
Chihuahua,2010,306279,3741869,8185.18766958437,MX-CHH
CDMX,2010,1126374,9209944,12229.976642637566,
Durango,2010,204610,1832650,11164.706845278695,MX-DUR
Guanajuato,2010,331682,6166934,5378.393866384819,MX-GUA
Guerrero,2010,141208,3540685,3988.154834445877,MX-GRO
Hidalgo,2010,98110,3082841,3182.454106455701,MX-HID
Jalisco,2010,699100,8348151,8374.309472840154,MX-JAL
Estado de méxico,2010,1075664,16992418,6330.258589448541,
Michoacán,2010,197320,4748846,4155.114737348821,MX-MIC
Morelos,2010,165798,1971520,8409.653465346535,MX-MOR
Nayarit,2010,77680,1235456,6287.556983008703,MX-NAY
Nuevo León,2010,713330,5784442,12331.872287767774,MX-NLE
Oaxaca,2010,94130,4132148,2277.991978990104,MX-OAX
Puebla,2010,254973,6583278,3873.040148084283,MX-PUE
Querétaro,2010,155788,2368467,6577.587950349319,MX-QUE
Quintana Roo,2010,71907,1857985,3870.1604157191796,MX-ROO
San Luis Potosí,2010,153837,2822255,5450.854015671865,MX-SLP
Sinaloa,2010,303134,3026943,10014.526206803366,MX-SIN
Sonora,2010,259391,2944840,8808.322353676262,MX-SON
Tabasco,2010,38834,2402598,1616.3336521548756,MX-TAB
Tamaulipas,2010,318563,3527735,9030.241784034231,MX-TAM
Tlaxcala,2010,55483,1342977,4131.344021528291,MX-TLA
Veracruz,2010,466423,8062579,5785.034788496337,MX-VER
Yucatán,2010,163850,2320898,7059.767383142215,MX-YUC
Zacatecas,2010,60074,1622138,3703.3840524049124,MX-ZAC
Aguascalientes,2011,204349,1425607,14334.174846223399,MX-AGU
Baja California,2011,390595,3769020,10363.303988835294,MX-BCN
Baja California Sur,2011,94020,798447,11775.358915494704,MX-BCS
Campeche,2011,39585,928363,4263.957094369336,MX-CAM
Coahuila,2011,404104,3146771,12841.86234079315,MX-COA
Colima,2011,74517,731391,10188.394442917674,MX-COL
Chiapas,2011,137115,5543828,2473.291018408219,MX-CHP
Chihuahua,2011,417307,3741869,11152.367974399958,MX-CHH
CDMX,2011,1258266,9209944,13662.037467328792,
Durango,2011,273611,1832650,14929.801107685591,MX-DUR
Guanajuato,2011,319572,6166934,5182.024000905474,MX-GUA
Guerrero,2011,133297,3540685,3764.7234927704667,MX-GRO
Hidalgo,2011,118085,3082841,3830.3954047581433,MX-HID
Jalisco,2011,853525,8348151,10224.120287234862,MX-JAL
Estado de méxico,2011,1337238,16992418,7869.615730968952,
Michoacán,2011,196263,4748846,4132.856698237845,MX-MIC
Morelos,2011,181640,1971520,9213.19590975491,MX-MOR
Nayarit,2011,104982,1235456,8497.429289266473,MX-NAY
Nuevo León,2011,865816,5784442,14968.01247207596,MX-NLE
Oaxaca,2011,114745,4132148,2776.885048647822,MX-OAX
Puebla,2011,252665,6583278,3837.9816255670808,MX-PUE
Querétaro,2011,135300,2368467,5712.555843083311,MX-QUE
Quintana Roo,2011,56125,1857985,3020.7455926716307,MX-ROO
San Luis Potosí,2011,181273,2822255,6422.984457463979,MX-SLP
Sinaloa,2011,422212,3026943,13948.462194365735,MX-SIN
Sonora,2011,333229,2944840,11315.69117507233,MX-SON
Tabasco,2011,43126,2402598,1794.9736077362923,MX-TAB
Tamaulipas,2011,286918,3527735,8133.207284560773,MX-TAM
Tlaxcala,2011,57895,1342977,4310.945012461122,MX-TLA
Veracruz,2011,468921,8062579,5816.017430650912,MX-VER
Yucatán,2011,158040,2320898,6809.43324523525,MX-YUC
Zacatecas,2011,56425,1622138,3478.4340173277487,MX-ZAC
Aguascalientes,2012,225115,1425607,15790.817525447053,MX-AGU
Baja California,2012,455190,3769020,12077.144721970168,MX-BCN
Baja California Sur,2012,96659,798447,12105.87553087431,MX-BCS
Campeche,2012,44519,928363,4795.43023580216,MX-CAM
Coahuila,2012,421009,3146771,13379.079697887137,MX-COA
Colima,2012,79651,731391,10890.344562621087,MX-COL
Chiapas,2012,133917,5543828,2415.6052460502024,MX-CHP
Chihuahua,2012,498673,3741869,13326.842815715889,MX-CHH
CDMX,2012,1370853,9209944,14884.487896994813,
Durango,2012,283323,1832650,15459.744086432214,MX-DUR
Guanajuato,2012,352057,6166934,5708.784948890324,MX-GUA
Guerrero,2012,127938,3540685,3613.368599578895,MX-GRO
Hidalgo,2012,132800,3082841,4307.714864308604,MX-HID
Jalisco,2012,972370,8348151,11647.72894021682,MX-JAL
Estado de méxico,2012,1654403,16992418,9736.124664541563,
Michoacán,2012,223777,4748846,4712.239563043317,MX-MIC
Morelos,2012,186949,1971520,9482.480522642429,MX-MOR
Nayarit,2012,106980,1235456,8659.150953170327,MX-NAY
Nuevo León,2012,996724,5784442,17231.117539081555,MX-NLE
Oaxaca,2012,122916,4132148,2974.62723987621,MX-OAX
Puebla,2012,292179,6583278,4438.199328662712,MX-PUE
Querétaro,2012,122682,2368467,5179.806178426806,MX-QUE
Quintana Roo,2012,69116,1857985,3719.943917738841,MX-ROO
San Luis Potosí,2012,190356,2822255,6744.819302295505,MX-SLP
Sinaloa,2012,451371,3026943,14911.77732781886,MX-SIN
Sonora,2012,363370,2944840,12339.210279675635,MX-SON
Tabasco,2012,58873,2402598,2450.3891204437864,MX-TAB
Tamaulipas,2012,315124,3527735,8932.757137370012,MX-TAM
Tlaxcala,2012,61347,1342977,4567.985899981906,MX-TLA
Veracruz,2012,533558,8062579,6617.708800124625,MX-VER
Yucatán,2012,202579,2320898,8728.474926515513,MX-YUC
Zacatecas,2012,56666,1622138,3493.2909530508505,MX-ZAC
Aguascalientes,2013,194036,1425607,13610.76369574504,MX-AGU
Baja California,2013,418876,3769020,11113.658192315244,MX-BCN
Baja California Sur,2013,102908,798447,12888.519839137727,MX-BCS
Campeche,2013,58167,928363,6265.544835371509,MX-CAM
Coahuila,2013,435345,3146771,13834.657812722948,MX-COA
Colima,2013,66771,731391,9129.316603567722,MX-COL
Chiapas,2013,126406,5543828,2280.1212447428024,MX-CHP
Chihuahua,2013,471558,3741869,12602.204940899856,MX-CHH
CDMX,2013,1810921,9209944,19662.671130247913,
Durango,2013,291250,1832650,15892.287125201212,MX-DUR
Guanajuato,2013,327014,6166934,5302.699850525399,MX-GUA
Guerrero,2013,131882,3540685,3724.7594745084634,MX-GRO
Hidalgo,2013,135337,3082841,4390.009085775102,MX-HID
Jalisco,2013,1020871,8348151,12228.707889926764,MX-JAL
Estado de méxico,2013,1714152,16992418,10087.746193625886,
Michoacán,2013,211789,4748846,4459.799285973898,MX-MIC
Morelos,2013,176208,1971520,8937.672455770167,MX-MOR
Nayarit,2013,103376,1235456,8367.436800663076,MX-NAY
Nuevo León,2013,1211010,5784442,20935.640810297693,MX-NLE
Oaxaca,2013,112501,4132148,2722.579152537615,MX-OAX
Puebla,2013,266187,6583278,4043.3808203147432,MX-PUE
Querétaro,2013,156711,2368467,6616.558305435541,MX-QUE
Quintana Roo,2013,75991,1857985,4089.9684335449424,MX-ROO
San Luis Potosí,2013,190933,2822255,6765.263946737627,MX-SLP
Sinaloa,2013,464545,3026943,15347.001909186925,MX-SIN
Sonora,2013,352556,2944840,11971.991687154481,MX-SON
Tabasco,2013,67947,2402598,2828.0636211301266,MX-TAB
Tamaulipas,2013,380147,3527735,10775.951141454785,MX-TAM
Tlaxcala,2013,60459,1342977,4501.864142126038,MX-TLA
Veracruz,2013,509864,8062579,6323.832609888226,MX-VER
Yucatán,2013,204450,2320898,8809.090274540285,MX-YUC
Zacatecas,2013,53255,1622138,3283.0129125882013,MX-ZAC
Aguascalientes,2014,179898,1425607,12619.045781902025,MX-AGU
Baja California,2014,391975,3769020,10399.9182811447,MX-BCN
Baja California Sur,2014,74061,798447,9275.631319298589,MX-BCS
Campeche,2014,55157,928363,5941.318212811152,MX-CAM
Coahuila,2014,379859,3146771,12071.390005818663,MX-COA
Colima,2014,66589,731391,9104.43251284197,MX-COL
Chiapas,2014,109383,5543828,1973.0590487295062,MX-CHP
Chihuahua,2014,433229,3741869,11577.877258664053,MX-CHH
CDMX,2014,1468749,9209944,15947.425956118735,
Durango,2014,193841,1832650,10577.087823643358,MX-DUR
Guanajuato,2014,230340,6166934,3735.081322420509,MX-GUA
Guerrero,2014,128058,3540685,3616.757774272492,MX-GRO
Hidalgo,2014,124510,3082841,4038.8070614086164,MX-HID
Jalisco,2014,866436,8348151,10378.777288527723,MX-JAL
Estado de méxico,2014,1307794,16992418,7696.338449301329,
Michoacán,2014,196231,4748846,4132.18285031774,MX-MIC
Morelos,2014,129292,1971520,6557.985716604448,MX-MOR
Nayarit,2014,107023,1235456,8662.63144944053,MX-NAY
Nuevo León,2014,1011234,5784442,17481.962823726128,MX-NLE
Oaxaca,2014,103598,4132148,2507.122203754561,MX-OAX
Puebla,2014,239675,6583278,3640.6635113996404,MX-PUE
Querétaro,2014,100456,2368467,4241.393272526068,MX-QUE
Quintana Roo,2014,73046,1857985,3931.4633864105467,MX-ROO
San Luis Potosí,2014,244569,2822255,8665.730063371311,MX-SLP
Sinaloa,2014,317299,3026943,10482.490089836512,MX-SIN
Sonora,2014,293261,2944840,9958.469730104182,MX-SON
Tabasco,2014,60665,2402598,2524.975047844042,MX-TAB
Tamaulipas,2014,371851,3527735,10540.786085122607,MX-TAM
Tlaxcala,2014,61870,1342977,4606.929232592964,MX-TLA
Veracruz,2014,430178,8062579,5335.488805753097,MX-VER
Yucatán,2014,170555,2320898,7348.6641808472405,MX-YUC
Zacatecas,2014,52015,1622138,3206.570587705855,MX-ZAC
Aguascalientes,2015,234123,1425607,16422.688721365706,MX-AGU
Baja California,2015,582879,3769020,15465.001512329465,MX-BCN
Baja California Sur,2015,73752,798447,9236.931192677786,MX-BCS
Campeche,2015,67127,928363,7230.684549039545,MX-CAM
Coahuila,2015,478300,3146771,15199.707891041326,MX-COA
Colima,2015,93374,731391,12766.63234849759,MX-COL
Chiapas,2015,188511,5543828,3400.3760578430642,MX-CHP
Chihuahua,2015,440178,3741869,11763.586592689375,MX-CHH
CDMX,2015,1898146,9209944,20609.745292696676,
Durango,2015,215914,1832650,11781.518566010967,MX-DUR
Guanajuato,2015,263252,6166934,4268.7662945638795,MX-GUA
Guerrero,2015,178610,3540685,5044.504100195301,MX-GRO
Hidalgo,2015,142628,3082841,4626.511714356984,MX-HID
Jalisco,2015,1001923,8348151,12001.735474118761,MX-JAL
Estado de méxico,2015,1481971,16992418,8721.366199913396,
Michoacán,2015,307000,4748846,6464.728483509467,MX-MIC
Morelos,2015,105811,1971520,5366.975734458692,MX-MOR
Nayarit,2015,133951,1235456,10842.231532324908,MX-NAY
Nuevo León,2015,1246983,5784442,21557.53312074008,MX-NLE
Oaxaca,2015,118744,4132148,2873.6628020099956,MX-OAX
Puebla,2015,349825,6583278,5313.842131533865,MX-PUE
Querétaro,2015,176199,2368467,7439.369009574548,MX-QUE
Quintana Roo,2015,129828,1857985,6987.569867356303,MX-ROO
San Luis Potosí,2015,289503,2822255,10257.861178383951,MX-SLP
Sinaloa,2015,415299,3026943,13720.079961862513,MX-SIN
Sonora,2015,441915,2944840,15006.418005732061,MX-SON
Tabasco,2015,113499,2402598,4724.011257813417,MX-TAB
Tamaulipas,2015,510867,3527735,14481.444893111304,MX-TAM
Tlaxcala,2015,76751,1342977,5714.98990675194,MX-TLA
Veracruz,2015,698323,8062579,8661.285675464389,MX-VER
Yucatán,2015,189396,2320898,8160.462028059828,MX-YUC
Zacatecas,2015,70501,1622138,4346.177698814774,MX-ZAC
Aguascalientes,2016,228371,1425607,16019.211465712498,MX-AGU
Baja California,2016,585283,3769020,15528.784670816287,MX-BCN
Baja California Sur,2016,105938,798447,13268.006517652391,MX-BCS
Campeche,2016,108251,928363,11660.417315209676,MX-CAM
Coahuila,2016,536878,3146771,17061.235151842953,MX-COA
Colima,2016,107724,731391,14728.647194182045,MX-COL
Chiapas,2016,212872,5543828,3839.801667728508,MX-CHP
Chihuahua,2016,517195,3741869,13821.836093139551,MX-CHH
CDMX,2016,2251944,9209944,24451.223590501744,
Durango,2016,236980,1832650,12931.001555125093,MX-DUR
Guanajuato,2016,368795,6166934,5980.200209699017,MX-GUA
Guerrero,2016,189668,3540685,5356.816548210304,MX-GRO
Hidalgo,2016,153988,3082841,4995.002985882178,MX-HID
Jalisco,2016,1034163,8348151,12387.928776084667,MX-JAL
Estado de méxico,2016,1538663,16992418,9054.997352348559,
Michoacán,2016,374715,4748846,7890.653855694625,MX-MIC
Morelos,2016,169177,1971520,8581.044067521507,MX-MOR
Nayarit,2016,139909,1235456,11324.482620182345,MX-NAY
Nuevo León,2016,1392412,5784442,24071.67363766462,MX-NLE
Oaxaca,2016,135721,4132148,3284.51449464056,MX-OAX
Puebla,2016,451941,6583278,6864.984282905872,MX-PUE
Querétaro,2016,201159,2368467,8493.215231624506,MX-QUE
Quintana Roo,2016,207747,1857985,11181.306630570214,MX-ROO
San Luis Potosí,2016,343432,2822255,12168.70906420575,MX-SLP
Sinaloa,2016,452453,3026943,14947.522962936533,MX-SIN
Sonora,2016,455628,2944840,15472.079977180425,MX-SON
Tabasco,2016,190410,2402598,7925.171002389913,MX-TAB
Tamaulipas,2016,571272,3527735,16193.733372829874,MX-TAM
Tlaxcala,2016,104323,1342977,7768.04070360103,MX-TLA
Veracruz,2016,691701,8062579,8579.1531469025,MX-VER
Yucatán,2016,237037,2320898,10213.15887212622,MX-YUC
Zacatecas,2016,64474,1622138,3974.6310116648524,MX-ZAC
Aguascalientes,2017,235856,1425607,16544.250975198636,MX-AGU
Baja California,2017,657032,3769020,17432.436017850796,MX-BCN
Baja California Sur,2017,97552,798447,12217.717644377148,MX-BCS
Campeche,2017,91410,928363,9846.363976160186,MX-CAM
Coahuila,2017,559638,3146771,17784.516254916547,MX-COA
Colima,2017,113770,731391,15555.291219060666,MX-COL
Chiapas,2017,214459,5543828,3868.4280969755914,MX-CHP
Chihuahua,2017,461898,3741869,12344.045181699306,MX-CHH
CDMX,2017,2211411,9209944,24011.12319466872,
Durango,2017,232286,1832650,12674.869724169917,MX-DUR
Guanajuato,2017,307771,6166934,4990.664729020936,MX-GUA
Guerrero,2017,122614,3540685,3463.0022156729556,MX-GRO
Hidalgo,2017,129073,3082841,4186.819884645364,MX-HID
Jalisco,2017,1065592,8348151,12764.407351999263,MX-JAL
Estado de méxico,2017,1450092,16992418,8533.75899768944,
Michoacán,2017,334401,4748846,7041.731822847067,MX-MIC
Morelos,2017,135485,1971520,6872.108829735432,MX-MOR
Nayarit,2017,119736,1235456,9691.644218814754,MX-NAY
Nuevo León,2017,1512199,5784442,26142.52161228343,MX-NLE
Oaxaca,2017,131377,4132148,3179.3875727587683,MX-OAX
Puebla,2017,441609,6583278,6708.041191637358,MX-PUE
Querétaro,2017,182286,2368467,7696.370690408607,MX-QUE
Quintana Roo,2017,174234,1857985,9377.578398103322,MX-ROO
San Luis Potosí,2017,342961,2822255,12152.02028165421,MX-SLP
Sinaloa,2017,415313,3026943,13720.542474701375,MX-SIN
Sonora,2017,440156,2944840,14946.686407410927,MX-SON
Tabasco,2017,153717,2402598,6397.949219969383,MX-TAB
Tamaulipas,2017,483118,3527735,13694.84952809664,MX-TAM
Tlaxcala,2017,88608,1342977,6597.879189293636,MX-TLA
Veracruz,2017,713143,8062579,8845.097827878648,MX-VER
Yucatán,2017,193051,2320898,8317.944175056378,MX-YUC
Zacatecas,2017,71607,1622138,4414.359320846931,MX-ZAC
Aguascalientes,2018,194442,1425607,13639.242792719173,MX-AGU
Baja California,2018,581767,3769020,15435.497821714927,MX-BCN
Baja California Sur,2018,106368,798447,13321.861062788137,MX-BCS
Campeche,2018,72631,928363,7823.556087435626,MX-CAM
Coahuila,2018,578930,3146771,18397.589147732706,MX-COA
Colima,2018,110638,731391,15127.066097340547,MX-COL
Chiapas,2018,195738,5543828,3530.737245094905,MX-CHP
Chihuahua,2018,388451,3741869,10381.202548779767,MX-CHH
CDMX,2018,2263376,9209944,24575.35029528953,
Durango,2018,247689,1832650,13515.346629198155,MX-DUR
Guanajuato,2018,327972,6166934,5318.2343122206275,MX-GUA
Guerrero,2018,130607,3540685,3688.749493388991,MX-GRO
Hidalgo,2018,106400,3082841,3451.3619093556886,MX-HID
Jalisco,2018,1103796,8348151,13222.04162334869,MX-JAL
Estado de méxico,2018,1424722,16992418,8384.457114932082,
Michoacán,2018,304821,4748846,6418.843651699803,MX-MIC
Morelos,2018,153693,1971520,7795.660201266029,MX-MOR
Nayarit,2018,105228,1235456,8517.340965602983,MX-NAY
Nuevo León,2018,1500597,5784442,25941.94911108107,MX-NLE
Oaxaca,2018,126014,4132148,3049.6003531335277,MX-OAX
Puebla,2018,422246,6583278,6413.917200519255,MX-PUE
Querétaro,2018,173383,2368467,7320.473538368911,MX-QUE
Quintana Roo,2018,184179,1857985,9912.835679513022,MX-ROO
San Luis Potosí,2018,321246,2822255,11382.600083975403,MX-SLP
Sinaloa,2018,404599,3026943,13366.58800644743,MX-SIN
Sonora,2018,388156,2944840,13180.88588853724,MX-SON
Tabasco,2018,140169,2402598,5834.059630450038,MX-TAB
Tamaulipas,2018,501576,3527735,14218.074770355483,MX-TAM
Tlaxcala,2018,99386,1342977,7400.424579125331,MX-TLA
Veracruz,2018,705789,8062579,8753.88631850925,MX-VER
Yucatán,2018,217296,2320898,9362.58293126195,MX-YUC
Zacatecas,2018,74776,1622138,4609.718778550284,MX-ZAC
Aguascalientes,2019,161409,1425607,11322.124540634271,MX-AGU
Baja California,2019,496810,3769020,13181.41055234517,MX-BCN
Baja California Sur,2019,88486,798447,11082.263443910491,MX-BCS
Campeche,2019,67295,928363,7248.780918670822,MX-CAM
Coahuila,2019,558629,3146771,17752.451640109815,MX-COA
Colima,2019,97804,731391,13372.327523855229,MX-COL
Chiapas,2019,163974,5543828,2957.775746289387,MX-CHP
Chihuahua,2019,362803,3741869,9695.769680873382,MX-CHH
CDMX,2019,1988948,9209944,21595.657910623562,
Durango,2019,237703,1832650,12970.452623250483,MX-DUR
Guanajuato,2019,283830,6166934,4602.449126259499,MX-GUA
Guerrero,2019,119137,3540685,3364.8008789259707,MX-GRO
Hidalgo,2019,159631,3082841,5178.048430003364,MX-HID
Jalisco,2019,1006087,8348151,12051.614782722545,MX-JAL
Estado de méxico,2019,1384064,16992418,8145.1856939959935,
Michoacán,2019,295134,4748846,6214.85725163545,MX-MIC
Morelos,2019,149250,1971520,7570.301087485798,MX-MOR
Nayarit,2019,96658,1235456,7823.66996477414,MX-NAY
Nuevo León,2019,1447052,5784442,25016.276418710742,MX-NLE
Oaxaca,2019,125804,4132148,3044.5182505563694,MX-OAX
Puebla,2019,452568,6583278,6874.508413589704,MX-PUE
Querétaro,2019,167325,2368467,7064.696278225535,MX-QUE
Quintana Roo,2019,184177,1857985,9912.728036017514,MX-ROO
San Luis Potosí,2019,249913,2822255,8855.082194911516,MX-SLP
Sinaloa,2019,408256,3026943,13487.402967284153,MX-SIN
Sonora,2019,369206,2944840,12537.387430216922,MX-SON
Tabasco,2019,128499,2402598,5348.33542690038,MX-TAB
Tamaulipas,2019,475779,3527735,13486.812359771922,MX-TAM
Tlaxcala,2019,89614,1342977,6672.787396954675,MX-TLA
Veracruz,2019,709330,8062579,8797.805268016598,MX-VER
Yucatán,2019,197624,2320898,8514.979977577645,MX-YUC
Zacatecas,2019,67310,1622138,4149.462006315122,MX-ZAC
Aguascalientes,2020,86265,1425607,6051.106651412346,MX-AGU
Baja California,2020,240628,3769020,6384.365166541967,MX-BCN
Baja California Sur,2020,55146,798447,6906.657548966932,MX-BCS
Campeche,2020,33898,928363,3651.3734390534737,MX-CAM
Coahuila,2020,229403,3146771,7290.107859771175,MX-COA
Colima,2020,57427,731391,7851.750978614722,MX-COL
Chiapas,2020,58405,5543828,1053.5139257567155,MX-CHP
Chihuahua,2020,188236,3741869,5030.534206301717,MX-CHH
CDMX,2020,1166080,9209944,12661.09761362284,
Durango,2020,138378,1832650,7550.705262870706,MX-DUR
Guanajuato,2020,161048,6166934,2611.4759781765138,MX-GUA
Guerrero,2020,62192,3540685,1756.496271201759,MX-GRO
Hidalgo,2020,81643,3082841,2648.30395080382,MX-HID
Jalisco,2020,542413,8348151,6497.402838065579,MX-JAL
Estado de méxico,2020,841972,16992418,4954.986394520191,
Michoacán,2020,162597,4748846,3423.9265707921463,MX-MIC
Morelos,2020,112343,1971520,5698.2937023210525,MX-MOR
Nayarit,2020,63814,1235456,5165.218348528802,MX-NAY
Nuevo León,2020,1063843,5784442,18391.454180022894,MX-NLE
Oaxaca,2020,56490,4132148,1367.0855932556142,MX-OAX
Puebla,2020,334799,6583278,5085.597175145877,MX-PUE
Querétaro,2020,97605,2368467,4121.020052210987,MX-QUE
Quintana Roo,2020,93425,1857985,5028.296783881463,MX-ROO
San Luis Potosí,2020,178049,2822255,6308.749563735381,MX-SLP
Sinaloa,2020,204571,3026943,6758.336711328889,MX-SIN
Sonora,2020,175576,2944840,5962.157536572446,MX-SON
Tabasco,2020,54694,2402598,2276.4524069361582,MX-TAB
Tamaulipas,2020,233389,3527735,6615.831404569787,MX-TAM
Tlaxcala,2020,40421,1342977,3009.8058269054495,MX-TLA
Veracruz,2020,341919,8062579,4240.814260548641,MX-VER
Yucatán,2020,79098,2320898,3408.0773907341036,MX-YUC
Zacatecas,2020,33773,1622138,2082.005353428623,MX-ZAC
Aguascalientes,2021,134128,1425607,9408.483544202574,MX-AGU
Baja California,2021,403733,3769020,10711.882664459195,MX-BCN
Baja California Sur,2021,80318,798447,10059.277572587787,MX-BCS
Campeche,2021,67943,928363,7318.581201534314,MX-CAM
Coahuila,2021,394887,3146771,12548.958916934216,MX-COA
Colima,2021,69576,731391,9512.832397445416,MX-COL
Chiapas,2021,114288,5543828,2061.5358196538564,MX-CHP
Chihuahua,2021,287104,3741869,7672.743220032556,MX-CHH
CDMX,2021,1538467,9209944,16704.412100659894,
Durango,2021,218400,1832650,11917.169126674487,MX-DUR
Guanajuato,2021,275211,6166934,4462.687617542202,MX-GUA
Guerrero,2021,85201,3540685,2406.3422755766187,MX-GRO
Hidalgo,2021,124053,3082841,4023.983072756591,MX-HID
Jalisco,2021,661122,8348151,7919.382387788624,MX-JAL
Estado de méxico,2021,1060338,16992418,6240.065422119442,
Michoacán,2021,219932,4748846,4631.2725238931735,MX-MIC
Morelos,2021,166301,1971520,8435.16677487421,MX-MOR
Nayarit,2021,105031,1235456,8501.395436179031,MX-NAY
Nuevo León,2021,1362194,5784442,23549.272341221505,MX-NLE
Oaxaca,2021,87031,4132148,2106.1927113936867,MX-OAX
Puebla,2021,479501,6583278,7283.620712963967,MX-PUE
Querétaro,2021,144451,2368467,6098.923903098502,MX-QUE
Quintana Roo,2021,166148,1857985,8942.375745767591,MX-ROO
San Luis Potosí,2021,291386,2822255,10324.580875930773,MX-SLP
Sinaloa,2021,289931,3026943,9578.343563126231,MX-SIN
Sonora,2021,269507,2944840,9151.838470001767,MX-SON
Tabasco,2021,88018,2402598,3663.450980979756,MX-TAB
Tamaulipas,2021,344273,3527735,9759.03802298075,MX-TAM
Tlaxcala,2021,60871,1342977,4532.542255005112,MX-TLA
Veracruz,2021,472264,8062579,5857.480590267704,MX-VER
Yucatán,2021,142331,2320898,6132.583163930513,MX-YUC
Zacatecas,2021,54406,1622138,3353.968651249154,MX-ZAC
Aguascalientes,2022,182988,1425607,12835.79555936524,MX-AGU
Baja California,2022,580768,3769020,15408.992257934424,MX-BCN
Baja California Sur,2022,184251,798447,23076.17161815374,MX-BCS
Campeche,2022,77430,928363,8340.487503271888,MX-CAM
Coahuila,2022,506748,3146771,16103.745712668639,MX-COA
Colima,2022,92806,731391,12688.972109309521,MX-COL
Chiapas,2022,162042,5543828,2922.9261802494593,MX-CHP
Chihuahua,2022,391625,3741869,10466.026469659948,MX-CHH
CDMX,2022,621115,9209944,6743.960658175554,
Durango,2022,114338,1832650,6238.9436062532395,MX-DUR
Guanajuato,2022,173307,6166934,2810.2619551303774,MX-GUA
Guerrero,2022,903481,3540685,25517.12451121746,MX-GRO
Hidalgo,2022,914424,3082841,29661.73085151002,MX-HID
Jalisco,2022,542866,8348151,6502.8291893618125,MX-JAL
Estado de méxico,2022,488823,16992418,2876.712425506482,
Michoacán,2022,130004,4748846,2737.591406417475,MX-MIC
Morelos,2022,1352668,1971520,68610.41227073527,MX-MOR
Nayarit,2022,121232,1235456,9812.733112308331,MX-NAY
Nuevo León,2022,660258,5784442,11414.376702195303,MX-NLE
Oaxaca,2022,192210,4132148,4651.575887407711,MX-OAX
Puebla,2022,213536,6583278,3243.612072891347,MX-PUE
Querétaro,2022,321855,2368467,13589.169703441086,MX-QUE
Quintana Roo,2022,444409,1857985,23918.869097436203,MX-ROO
San Luis Potosí,2022,313397,2822255,11104.489140775726,MX-SLP
Sinaloa,2022,113379,3026943,3745.6602255146527,MX-SIN
Sonora,2022,457720,2944840,15543.119490362802,MX-SON
Tabasco,2022,87830,2402598,3655.626118060533,MX-TAB
Tamaulipas,2022,385177,3527735,10918.535547596404,MX-TAM
Tlaxcala,2022,224261,1342977,16698.796777606763,MX-TLA
Veracruz,2022,295178,8062579,3661.0866076475036,MX-VER
Yucatán,2022,564962,2320898,24342.38816182357,MX-YUC
Zacatecas,2022,1331163,1622138,82062.2536430316,MX-ZAC
Aguascalientes,2023,190098,1425607,13334.53048420778,MX-AGU
Baja California,2023,783025,3769020,20775.29437360375,MX-BCN
Baja California Sur,2023,201821,798447,25276.693381025918,MX-BCS
Campeche,2023,117849,928363,12694.2801468822,MX-CAM
Coahuila,2023,597272,3146771,18980.47236357523,MX-COA
Colima,2023,114050,731391,15593.574435561828,MX-COL
Chiapas,2023,188791,5543828,3405.426719587981,MX-CHP
Chihuahua,2023,436449,3741869,11663.930511730901,MX-CHH
CDMX,2023,1880932,9209944,20422.838618779875,
Durango,2023,277579,1832650,15146.31817313726,MX-DUR
Guanajuato,2023,535035,6166934,8675.867132678897,MX-GUA
Guerrero,2023,134875,3540685,3809.2911399912728,MX-GRO
Hidalgo,2023,157333,3082841,5103.506797788144,MX-HID
Jalisco,2023,1109538,8348151,13290.823321236045,MX-JAL
Estado de méxico,2023,2120857,16992418,12481.19602519194,
Michoacán,2023,301450,4748846,6347.8579848662175,MX-MIC
Morelos,2023,212190,1971520,10762.761726992372,MX-MOR
Nayarit,2023,172086,1235456,13928.946073352674,MX-NAY
Nuevo León,2023,1339957,5784442,23164.84459520901,MX-NLE
Oaxaca,2023,162177,4132148,3924.76261740867,MX-OAX
Puebla,2023,669005,6583278,10162.186679645003,MX-PUE
Querétaro,2023,241562,2368467,10199.08658216475,MX-QUE
Quintana Roo,2023,302574,1857985,16285.061504802245,MX-ROO
San Luis Potosí,2023,338508,2822255,11994.238649590487,MX-SLP
Sinaloa,2023,567466,3026943,18747.165044072517,MX-SIN
Sonora,2023,411889,2944840,13986.804036891648,MX-SON
Tabasco,2023,172638,2402598,7185.471726855679,MX-TAB
Tamaulipas,2023,762855,3527735,21624.498438799965,MX-TAM
Tlaxcala,2023,111594,1342977,8309.449826765462,MX-TLA
Veracruz,2023,818274,8062579,10149.035438908568,MX-VER
Yucatán,2023,270760,2320898,11666.174041254722,MX-YUC
Zacatecas,2023,101002,1622138,6226.473949811915,MX-ZAC
